Time,Value
1.26957,2012-01-08T22:00:18.623
1.26952,2012-01-08T22:00:18.950
1.26953,2012-01-08T22:00:19.310
1.26951,2012-01-08T22:00:19.637
1.2695,2012-01-08T22:00:20.327
1.26952,2012-01-08T22:00:21.700
1.26956,2012-01-08T22:00:22.387
1.26955,2012-01-08T22:00:23.437
1.26953,2012-01-08T22:00:23.763
1.2695,2012-01-08T22:00:24.123
1.26949,2012-01-08T22:00:24.450
1.26946,2012-01-08T22:00:26.187
1.26947,2012-01-08T22:00:28.247
1.2695,2012-01-08T22:00:29.623
1.26952,2012-01-08T22:00:30.997
1.26953,2012-01-08T22:00:32.373
1.26952,2012-01-08T22:00:33.403
1.26959,2012-01-08T22:00:35.810
1.26958,2012-01-08T22:00:36.840
1.26956,2012-01-08T22:00:37.873
1.26957,2012-01-08T22:00:39.937
1.26956,2012-01-08T22:00:45.437
1.26957,2012-01-08T22:00:46.123
1.26959,2012-01-08T22:00:47.153
1.26958,2012-01-08T22:00:47.827
1.26957,2012-01-08T22:00:48.170
1.26956,2012-01-08T22:00:49.217
1.26957,2012-01-08T22:00:49.560
1.26958,2012-01-08T22:00:52.310
1.2696,2012-01-08T22:00:58.153
1.26961,2012-01-08T22:01:06.733
1.2696,2012-01-08T22:01:08.467
1.26961,2012-01-08T22:01:23.247
1.26986,2012-01-08T22:01:36.310
1.26985,2012-01-08T22:01:36.653
1.26984,2012-01-08T22:01:36.997
1.26996,2012-01-08T22:01:40.793
1.26995,2012-01-08T22:01:41.123
1.26998,2012-01-08T22:01:42.153
1.27,2012-01-08T22:01:42.497
1.26998,2012-01-08T22:01:42.840
1.26999,2012-01-08T22:01:43.530
1.27,2012-01-08T22:01:45.233
1.26999,2012-01-08T22:01:45.607
1.26997,2012-01-08T22:01:46.967
1.27004,2012-01-08T22:01:47.687
1.27005,2012-01-08T22:01:47.997
1.27008,2012-01-08T22:01:49.733
1.27009,2012-01-08T22:01:50.387
1.2701,2012-01-08T22:01:52.793
1.27011,2012-01-08T22:01:53.137
1.27012,2012-01-08T22:01:54.530
1.27008,2012-01-08T22:01:56.247
1.27015,2012-01-08T22:01:56.577
1.27016,2012-01-08T22:01:56.920
1.27025,2012-01-08T22:01:57.280
1.27034,2012-01-08T22:01:57.623
1.27031,2012-01-08T22:01:57.967
1.27034,2012-01-08T22:01:58.293
1.27032,2012-01-08T22:01:58.997
1.27028,2012-01-08T22:01:59.327
1.27027,2012-01-08T22:01:59.687
1.27027,2012-01-08T22:02:01.687
1.27029,2012-01-08T22:02:03.467
1.27028,2012-01-08T22:02:03.793
1.27025,2012-01-08T22:02:04.153
1.27021,2012-01-08T22:02:04.513
1.2702,2012-01-08T22:02:04.827
1.27019,2012-01-08T22:02:05.873
1.27018,2012-01-08T22:02:07.590
1.27019,2012-01-08T22:02:09.997
1.27018,2012-01-08T22:02:10.340
1.27019,2012-01-08T22:02:10.670
1.27019,2012-01-08T22:02:13.420
1.27013,2012-01-08T22:02:13.780
1.27017,2012-01-08T22:02:14.467
1.27027,2012-01-08T22:02:14.810
1.27028,2012-01-08T22:02:19.280
1.27027,2012-01-08T22:02:20.310
1.27028,2012-01-08T22:02:21.687
1.27026,2012-01-08T22:02:23.747
1.27031,2012-01-08T22:02:25.467
1.27033,2012-01-08T22:02:27.873
1.27046,2012-01-08T22:02:28.233
1.27052,2012-01-08T22:02:28.543
1.27053,2012-01-08T22:02:30.623
1.27057,2012-01-08T22:02:32.340
1.27055,2012-01-08T22:02:36.107
1.27054,2012-01-08T22:02:36.810
1.27055,2012-01-08T22:02:37.153
1.2704,2012-01-08T22:02:40.233
1.27021,2012-01-08T22:02:40.607
1.27029,2012-01-08T22:02:40.950
1.27041,2012-01-08T22:02:41.280
1.2701,2012-01-08T22:02:41.637
1.27009,2012-01-08T22:02:42.310
1.2701,2012-01-08T22:02:42.637
1.27009,2012-01-08T22:02:42.983
1.27009,2012-01-08T22:02:44.373
1.27009,2012-01-08T22:02:45.403
1.27022,2012-01-08T22:02:45.763
1.27034,2012-01-08T22:02:46.107
1.27027,2012-01-08T22:02:46.437
1.27005,2012-01-08T22:02:46.793
1.27003,2012-01-08T22:02:47.107
1.27015,2012-01-08T22:02:48.153
1.27019,2012-01-08T22:02:48.513
1.27012,2012-01-08T22:02:49.857
1.2702,2012-01-08T22:02:50.543
1.27024,2012-01-08T22:02:50.903
1.2702,2012-01-08T22:02:51.577
1.27021,2012-01-08T22:02:51.967
1.27024,2012-01-08T22:02:52.293
1.27024,2012-01-08T22:02:55.373
1.27013,2012-01-08T22:02:56.733
1.27018,2012-01-08T22:03:00.513
1.27022,2012-01-08T22:03:00.857
1.27025,2012-01-08T22:03:01.217
1.27026,2012-01-08T22:03:03.967
1.27032,2012-01-08T22:03:04.310
1.27035,2012-01-08T22:03:04.637
1.27038,2012-01-08T22:03:06.373
1.27043,2012-01-08T22:03:06.700
1.27054,2012-01-08T22:03:07.420
1.27056,2012-01-08T22:03:07.733
1.27051,2012-01-08T22:03:09.107
1.27044,2012-01-08T22:03:09.450
1.27046,2012-01-08T22:03:09.793
1.27047,2012-01-08T22:03:10.497
1.27046,2012-01-08T22:03:10.827
1.27044,2012-01-08T22:03:11.187
1.27045,2012-01-08T22:03:12.560
1.27047,2012-01-08T22:03:12.903
1.27051,2012-01-08T22:03:13.247
1.27047,2012-01-08T22:03:13.577
1.27039,2012-01-08T22:03:13.950
1.27035,2012-01-08T22:03:14.280
1.27036,2012-01-08T22:03:14.623
1.27037,2012-01-08T22:03:15.637
1.27038,2012-01-08T22:03:16.670
1.27035,2012-01-08T22:03:18.747
1.27031,2012-01-08T22:03:19.450
1.27032,2012-01-08T22:03:21.497
1.27031,2012-01-08T22:03:21.717
1.27018,2012-01-08T22:03:22.187
1.27019,2012-01-08T22:03:22.513
1.2702,2012-01-08T22:03:22.857
1.27019,2012-01-08T22:03:23.217
1.2702,2012-01-08T22:03:26.653
1.27021,2012-01-08T22:03:26.997
1.27032,2012-01-08T22:03:31.793
1.27027,2012-01-08T22:03:32.137
1.27033,2012-01-08T22:03:32.497
1.27034,2012-01-08T22:03:32.840
1.27032,2012-01-08T22:03:33.187
1.27031,2012-01-08T22:03:39.357
1.27033,2012-01-08T22:03:40.733
1.27034,2012-01-08T22:03:42.123
1.27024,2012-01-08T22:03:52.420
1.27023,2012-01-08T22:03:53.810
1.27024,2012-01-08T22:03:54.137
1.27023,2012-01-08T22:03:54.483
1.27024,2012-01-08T22:03:55.513
1.27023,2012-01-08T22:03:55.873
1.27029,2012-01-08T22:03:58.967
1.27028,2012-01-08T22:04:08.590
1.27027,2012-01-08T22:04:09.280
1.2703,2012-01-08T22:04:19.233
1.27029,2012-01-08T22:04:20.967
1.27028,2012-01-08T22:04:27.137
1.27029,2012-01-08T22:04:28.530
1.2703,2012-01-08T22:04:30.247
1.27028,2012-01-08T22:04:32.997
1.27028,2012-01-08T22:04:37.450
1.27027,2012-01-08T22:04:38.137
1.27026,2012-01-08T22:04:38.497
1.27027,2012-01-08T22:04:44.327
1.27026,2012-01-08T22:04:45.357
1.27027,2012-01-08T22:04:50.873
1.27032,2012-01-08T22:04:52.233
1.27033,2012-01-08T22:04:54.310
1.27032,2012-01-08T22:05:01.187
1.27033,2012-01-08T22:05:01.530
1.27034,2012-01-08T22:05:05.637
1.27033,2012-01-08T22:05:06.327
1.27033,2012-01-08T22:05:09.780
1.27031,2012-01-08T22:05:10.107
1.27034,2012-01-08T22:05:10.467
1.27033,2012-01-08T22:05:13.200
1.27034,2012-01-08T22:05:13.903
1.27035,2012-01-08T22:05:14.937
1.27032,2012-01-08T22:05:15.967
1.27031,2012-01-08T22:05:16.327
1.27033,2012-01-08T22:05:16.653
1.27039,2012-01-08T22:05:18.700
1.27054,2012-01-08T22:05:19.387
1.27053,2012-01-08T22:05:19.747
1.27042,2012-01-08T22:05:20.437
1.27044,2012-01-08T22:05:20.763
1.27045,2012-01-08T22:05:21.107
1.27054,2012-01-08T22:05:21.450
1.27053,2012-01-08T22:05:21.810
1.2705,2012-01-08T22:05:24.217
1.27041,2012-01-08T22:05:24.577
1.27048,2012-01-08T22:05:24.903
1.27044,2012-01-08T22:05:25.263
1.27048,2012-01-08T22:05:25.590
1.27047,2012-01-08T22:05:25.937
1.27044,2012-01-08T22:05:26.623
1.27041,2012-01-08T22:05:27.310
1.27042,2012-01-08T22:05:27.637
1.2704,2012-01-08T22:05:28.340
1.27042,2012-01-08T22:05:29.357
1.27049,2012-01-08T22:05:29.700
1.27049,2012-01-08T22:05:30.387
1.27045,2012-01-08T22:05:30.747
1.27044,2012-01-08T22:05:31.450
1.27042,2012-01-08T22:05:31.670
1.2704,2012-01-08T22:05:32.450
1.27042,2012-01-08T22:05:34.513
1.27047,2012-01-08T22:05:34.857
1.27046,2012-01-08T22:05:35.217
1.27048,2012-01-08T22:05:35.560
1.27045,2012-01-08T22:05:35.887
1.27041,2012-01-08T22:05:36.590
1.27042,2012-01-08T22:05:37.623
1.27041,2012-01-08T22:05:38.310
1.27048,2012-01-08T22:05:38.653
1.27053,2012-01-08T22:05:39.687
1.27048,2012-01-08T22:05:41.403
1.2705,2012-01-08T22:05:47.590
1.27053,2012-01-08T22:05:54.810
1.27052,2012-01-08T22:05:55.153
1.27053,2012-01-08T22:05:58.920
1.27052,2012-01-08T22:05:59.263
1.27044,2012-01-08T22:06:06.670
1.27043,2012-01-08T22:06:06.827
1.27042,2012-01-08T22:06:07.170
1.27041,2012-01-08T22:06:07.530
1.27042,2012-01-08T22:06:08.217
1.27041,2012-01-08T22:06:08.543
1.2704,2012-01-08T22:06:08.903
1.27041,2012-01-08T22:06:12.670
1.2704,2012-01-08T22:06:30.200
1.27036,2012-01-08T22:06:33.310
1.27035,2012-01-08T22:06:38.810
1.27034,2012-01-08T22:06:46.717
1.27035,2012-01-08T22:06:49.123
1.27036,2012-01-08T22:06:49.450
1.27035,2012-01-08T22:06:49.793
1.27034,2012-01-08T22:06:51.513
1.27033,2012-01-08T22:06:51.857
1.27034,2012-01-08T22:06:54.263
1.27035,2012-01-08T22:07:00.467
1.27036,2012-01-08T22:07:14.217
1.27035,2012-01-08T22:07:24.873
1.27034,2012-01-08T22:07:28.293
1.27033,2012-01-08T22:07:33.107
1.27029,2012-01-08T22:07:33.467
1.27027,2012-01-08T22:07:33.810
1.27024,2012-01-08T22:07:34.497
1.27025,2012-01-08T22:07:36.217
1.27023,2012-01-08T22:07:45.137
1.2702,2012-01-08T22:07:45.497
1.27018,2012-01-08T22:07:46.187
1.2702,2012-01-08T22:07:46.857
1.27016,2012-01-08T22:07:48.920
1.27014,2012-01-08T22:07:50.653
1.27013,2012-01-08T22:07:50.983
1.27014,2012-01-08T22:07:51.340
1.27013,2012-01-08T22:07:51.670
1.27014,2012-01-08T22:07:51.700
1.27015,2012-01-08T22:07:52.717
1.27024,2012-01-08T22:08:03.357
1.27025,2012-01-08T22:08:03.717
1.27024,2012-01-08T22:08:09.903
1.27026,2012-01-08T22:08:19.170
1.27027,2012-01-08T22:08:22.967
1.27025,2012-01-08T22:08:26.670
1.27028,2012-01-08T22:08:55.950
1.27027,2012-01-08T22:08:57.340
1.27026,2012-01-08T22:08:58.357
1.27027,2012-01-08T22:09:02.153
1.27026,2012-01-08T22:09:06.280
1.27029,2012-01-08T22:09:18.310
1.27027,2012-01-08T22:09:20.373
1.2703,2012-01-08T22:09:20.717
1.2703,2012-01-08T22:09:21.403
1.27026,2012-01-08T22:09:21.733
1.27029,2012-01-08T22:09:22.420
1.27027,2012-01-08T22:09:22.780
1.27026,2012-01-08T22:09:23.467
1.27027,2012-01-08T22:09:24.497
1.27017,2012-01-08T22:09:27.247
1.27018,2012-01-08T22:09:27.590
1.27023,2012-01-08T22:09:29.293
1.27022,2012-01-08T22:09:29.653
1.27021,2012-01-08T22:09:29.997
1.27024,2012-01-08T22:09:34.123
1.27023,2012-01-08T22:09:36.170
1.27025,2012-01-08T22:09:36.530
1.27026,2012-01-08T22:09:37.887
1.27022,2012-01-08T22:09:38.590
1.27028,2012-01-08T22:09:38.937
1.27027,2012-01-08T22:09:40.310
1.27033,2012-01-08T22:09:45.107
1.27031,2012-01-08T22:09:47.170
1.27032,2012-01-08T22:09:51.637
1.27031,2012-01-08T22:10:00.233
1.2703,2012-01-08T22:10:01.263
1.27037,2012-01-08T22:10:01.637
1.27032,2012-01-08T22:10:01.950
1.27031,2012-01-08T22:10:02.293
1.27027,2012-01-08T22:10:02.653
1.27036,2012-01-08T22:10:07.123
1.27029,2012-01-08T22:10:07.467
1.27026,2012-01-08T22:10:08.497
1.27021,2012-01-08T22:10:12.607
1.27023,2012-01-08T22:10:15.357
1.27025,2012-01-08T22:10:17.763
1.27019,2012-01-08T22:10:18.450
1.27023,2012-01-08T22:10:18.793
1.27021,2012-01-08T22:10:19.483
1.2702,2012-01-08T22:10:22.577
1.27016,2012-01-08T22:10:23.607
1.27005,2012-01-08T22:10:30.137
1.26999,2012-01-08T22:10:39.420
1.27,2012-01-08T22:10:39.763
1.26999,2012-01-08T22:10:40.107
1.27,2012-01-08T22:10:40.450
1.26997,2012-01-08T22:10:40.793
1.26996,2012-01-08T22:10:41.153
1.26995,2012-01-08T22:10:42.873
1.26994,2012-01-08T22:10:43.543
1.26995,2012-01-08T22:10:43.903
1.26994,2012-01-08T22:10:44.590
1.26995,2012-01-08T22:10:45.263
1.26993,2012-01-08T22:10:46.293
1.26992,2012-01-08T22:10:46.670
1.26993,2012-01-08T22:10:46.983
1.26992,2012-01-08T22:10:49.387
1.26993,2012-01-08T22:10:58.670
1.27,2012-01-08T22:11:02.467
1.26997,2012-01-08T22:11:03.840
1.26995,2012-01-08T22:11:04.530
1.26993,2012-01-08T22:11:04.873
1.26995,2012-01-08T22:11:11.747
1.26993,2012-01-08T22:11:14.483
1.26989,2012-01-08T22:11:15.170
1.26987,2012-01-08T22:11:24.810
1.26988,2012-01-08T22:11:27.217
1.26987,2012-01-08T22:11:29.967
1.26989,2012-01-08T22:11:32.717
1.26991,2012-01-08T22:11:33.387
1.26988,2012-01-08T22:11:33.747
1.26993,2012-01-08T22:11:58.137
1.26995,2012-01-08T22:11:58.497
1.26993,2012-01-08T22:11:58.840
1.26995,2012-01-08T22:12:16.700
1.27,2012-01-08T22:12:18.437
1.26998,2012-01-08T22:12:19.107
1.26996,2012-01-08T22:12:20.483
1.27007,2012-01-08T22:12:31.153
1.27005,2012-01-08T22:12:33.887
1.27008,2012-01-08T22:12:34.937
1.2701,2012-01-08T22:12:36.310
1.27016,2012-01-08T22:12:49.373
1.27018,2012-01-08T22:13:00.373
1.27017,2012-01-08T22:13:21.687
1.2702,2012-01-08T22:13:28.217
1.27018,2012-01-08T22:13:28.560
1.27019,2012-01-08T22:13:29.233
1.27017,2012-01-08T22:13:49.513
1.2702,2012-01-08T22:14:09.467
1.27025,2012-01-08T22:14:18.747
1.27022,2012-01-08T22:14:26.637
1.2702,2012-01-08T22:14:49.340
1.27022,2012-01-08T22:14:51.670
1.2702,2012-01-08T22:14:59.310
1.2702,2012-01-08T22:15:05.153
1.27018,2012-01-08T22:15:05.483
1.2702,2012-01-08T22:15:09.983
1.27018,2012-01-08T22:15:18.543
1.27019,2012-01-08T22:15:20.623
1.2702,2012-01-08T22:15:20.967
1.27019,2012-01-08T22:15:21.310
1.2702,2012-01-08T22:15:21.653
1.27019,2012-01-08T22:15:21.997
1.2702,2012-01-08T22:15:22.670
1.2702,2012-01-08T22:15:23.357
1.27018,2012-01-08T22:15:23.700
1.27018,2012-01-08T22:15:35.387
1.27019,2012-01-08T22:15:38.497
1.27018,2012-01-08T22:15:43.310
1.27025,2012-01-08T22:16:05.997
1.27024,2012-01-08T22:16:06.340
1.2702,2012-01-08T22:16:06.687
1.27021,2012-01-08T22:16:07.373
1.27019,2012-01-08T22:16:09.437
1.27017,2012-01-08T22:17:11.670
1.27015,2012-01-08T22:17:30.543
1.27016,2012-01-08T22:17:31.577
1.27017,2012-01-08T22:17:34.327
1.27018,2012-01-08T22:17:38.810
1.27017,2012-01-08T22:17:41.560
1.27018,2012-01-08T22:17:41.903
1.27017,2012-01-08T22:17:42.247
1.27016,2012-01-08T22:17:45.327
1.27011,2012-01-08T22:17:56.327
1.27012,2012-01-08T22:18:03.903
1.27013,2012-01-08T22:18:05.623
1.27014,2012-01-08T22:18:07.670
1.27012,2012-01-08T22:18:09.747
1.27016,2012-01-08T22:18:10.437
1.2702,2012-01-08T22:18:11.123
1.27019,2012-01-08T22:18:11.420
1.2702,2012-01-08T22:18:13.530
1.27019,2012-01-08T22:18:13.857
1.27024,2012-01-08T22:18:14.200
1.27029,2012-01-08T22:18:14.560
1.27028,2012-01-08T22:18:15.590
1.27025,2012-01-08T22:18:16.263
1.27024,2012-01-08T22:18:17.310
1.27027,2012-01-08T22:18:17.983
1.27031,2012-01-08T22:18:18.340
1.27026,2012-01-08T22:18:22.123
1.27023,2012-01-08T22:18:23.153
1.27021,2012-01-08T22:18:23.840
1.27018,2012-01-08T22:18:24.170
1.27019,2012-01-08T22:19:17.467
1.2702,2012-01-08T22:19:20.543
1.27019,2012-01-08T22:19:20.903
1.2702,2012-01-08T22:19:21.577
1.27019,2012-01-08T22:19:22.607
1.27018,2012-01-08T22:19:30.170
1.27016,2012-01-08T22:19:30.513
1.27019,2012-01-08T22:20:00.763
1.2702,2012-01-08T22:20:02.153
1.27019,2012-01-08T22:20:03.170
1.2702,2012-01-08T22:20:03.530
1.27019,2012-01-08T22:20:17.623
1.27021,2012-01-08T22:20:21.403
1.27026,2012-01-08T22:20:25.170
1.27024,2012-01-08T22:20:25.530
1.27021,2012-01-08T22:20:25.873
1.27023,2012-01-08T22:20:26.217
1.2702,2012-01-08T22:20:27.920
1.27021,2012-01-08T22:20:38.577
1.2702,2012-01-08T22:20:42.717
1.2702,2012-01-08T22:20:55.437
1.27021,2012-01-08T22:20:55.780
1.2702,2012-01-08T22:20:56.810
1.27021,2012-01-08T22:20:58.170
1.2702,2012-01-08T22:20:58.513
1.27019,2012-01-08T22:20:59.217
1.27019,2012-01-08T22:21:06.420
1.2702,2012-01-08T22:21:20.873
1.27019,2012-01-08T22:21:21.543
1.2702,2012-01-08T22:21:21.887
1.27013,2012-01-08T22:21:25.340
1.27015,2012-01-08T22:21:25.670
1.27015,2012-01-08T22:21:28.763
1.27014,2012-01-08T22:21:29.467
1.27015,2012-01-08T22:21:29.793
1.27027,2012-01-08T22:21:48.733
1.27012,2012-01-08T22:21:49.403
1.27012,2012-01-08T22:21:52.153
1.27027,2012-01-08T22:21:52.530
1.27014,2012-01-08T22:21:53.170
1.27018,2012-01-08T22:21:53.530
1.27015,2012-01-08T22:21:53.857
1.27013,2012-01-08T22:21:54.217
1.27015,2012-01-08T22:21:54.887
1.27012,2012-01-08T22:21:55.233
1.27013,2012-01-08T22:21:55.920
1.27012,2012-01-08T22:21:56.263
1.27014,2012-01-08T22:21:56.967
1.27016,2012-01-08T22:21:57.293
1.27013,2012-01-08T22:21:57.653
1.27016,2012-01-08T22:21:59.357
1.27014,2012-01-08T22:21:59.717
1.27016,2012-01-08T22:22:00.747
1.27015,2012-01-08T22:22:02.810
1.27016,2012-01-08T22:22:03.137
1.27014,2012-01-08T22:22:03.483
1.27017,2012-01-08T22:22:04.187
1.27014,2012-01-08T22:22:04.857
1.27013,2012-01-08T22:22:06.577
1.27022,2012-01-08T22:22:06.937
1.27023,2012-01-08T22:22:07.263
1.27022,2012-01-08T22:22:07.967
1.27024,2012-01-08T22:22:08.653
1.27023,2012-01-08T22:22:09.340
1.27025,2012-01-08T22:22:10.357
1.27035,2012-01-08T22:22:12.437
1.27027,2012-01-08T22:22:12.763
1.27025,2012-01-08T22:22:13.107
1.27024,2012-01-08T22:22:14.497
1.27023,2012-01-08T22:22:15.187
1.27025,2012-01-08T22:22:16.217
1.27024,2012-01-08T22:22:16.887
1.27023,2012-01-08T22:22:17.590
1.27026,2012-01-08T22:22:18.280
1.27025,2012-01-08T22:22:21.717
1.27029,2012-01-08T22:22:22.403
1.2703,2012-01-08T22:22:23.437
1.27031,2012-01-08T22:22:27.903
1.27028,2012-01-08T22:22:40.637
1.27027,2012-01-08T22:22:40.967
1.27026,2012-01-08T22:22:42.340
1.27027,2012-01-08T22:22:42.687
1.27027,2012-01-08T22:22:43.357
1.27021,2012-01-08T22:22:52.310
1.27018,2012-01-08T22:22:52.653
1.27022,2012-01-08T22:23:06.387
1.27027,2012-01-08T22:23:15.340
1.27026,2012-01-08T22:23:15.687
1.27026,2012-01-08T22:23:16.373
1.27028,2012-01-08T22:23:19.467
1.27026,2012-01-08T22:23:22.200
1.27027,2012-01-08T22:23:22.903
1.27028,2012-01-08T22:23:39.387
1.27029,2012-01-08T22:23:43.857
1.27027,2012-01-08T22:23:44.217
1.27029,2012-01-08T22:23:46.967
1.27028,2012-01-08T22:23:50.733
1.27027,2012-01-08T22:23:55.543
1.27026,2012-01-08T22:23:59.327
1.27016,2012-01-08T22:24:09.997
1.27013,2012-01-08T22:24:10.340
1.27014,2012-01-08T22:24:10.687
1.27016,2012-01-08T22:24:11.373
1.27017,2012-01-08T22:24:17.560
1.27019,2012-01-08T22:24:31.637
1.27024,2012-01-08T22:24:32.340
1.27027,2012-01-08T22:24:33.373
1.27026,2012-01-08T22:24:33.700
1.27028,2012-01-08T22:24:34.387
1.27029,2012-01-08T22:24:39.200
1.2703,2012-01-08T22:25:10.483
1.27024,2012-01-08T22:25:12.543
1.27023,2012-01-08T22:25:17.700
1.2702,2012-01-08T22:25:24.233
1.27019,2012-01-08T22:25:24.590
1.2702,2012-01-08T22:25:50.373
1.27026,2012-01-08T22:25:51.403
1.27019,2012-01-08T22:25:51.747
1.27028,2012-01-08T22:25:53.450
1.27029,2012-01-08T22:25:54.483
1.27028,2012-01-08T22:25:54.840
1.27029,2012-01-08T22:25:55.170
1.27012,2012-01-08T22:26:01.387
1.27013,2012-01-08T22:26:01.700
1.27012,2012-01-08T22:26:03.420
1.27013,2012-01-08T22:26:03.780
1.27017,2012-01-08T22:26:04.467
1.2702,2012-01-08T22:26:06.857
1.27019,2012-01-08T22:26:07.217
1.27026,2012-01-08T22:26:07.887
1.27027,2012-01-08T22:26:08.247
1.27031,2012-01-08T22:26:09.280
1.27032,2012-01-08T22:26:09.623
1.27031,2012-01-08T22:26:12.717
1.27033,2012-01-08T22:26:13.747
1.27034,2012-01-08T22:26:14.437
1.27032,2012-01-08T22:26:15.107
1.27031,2012-01-08T22:26:15.467
1.27032,2012-01-08T22:26:15.810
1.2703,2012-01-08T22:26:17.513
1.27029,2012-01-08T22:26:31.950
1.2703,2012-01-08T22:26:33.687
1.27029,2012-01-08T22:26:59.810
1.2703,2012-01-08T22:27:00.483
1.27029,2012-01-08T22:27:00.840
1.2703,2012-01-08T22:27:01.187
1.27031,2012-01-08T22:27:02.200
1.2703,2012-01-08T22:27:02.543
1.27031,2012-01-08T22:27:04.280
1.2703,2012-01-08T22:27:05.653
1.27031,2012-01-08T22:27:05.983
1.2703,2012-01-08T22:27:06.327
1.27031,2012-01-08T22:27:06.670
1.2703,2012-01-08T22:27:12.530
1.27033,2012-01-08T22:27:12.857
1.27034,2012-01-08T22:27:13.560
1.27033,2012-01-08T22:27:14.247
1.27034,2012-01-08T22:27:14.577
1.27033,2012-01-08T22:27:14.920
1.27034,2012-01-08T22:27:23.170
1.27033,2012-01-08T22:27:24.200
1.27034,2012-01-08T22:27:24.543
1.27033,2012-01-08T22:27:26.280
1.27034,2012-01-08T22:27:27.653
1.27033,2012-01-08T22:27:27.983
1.27034,2012-01-08T22:27:28.340
1.27033,2012-01-08T22:27:28.670
1.27034,2012-01-08T22:27:54.810
1.27029,2012-01-08T22:28:00.293
1.27027,2012-01-08T22:28:00.653
1.2703,2012-01-08T22:28:03.387
1.27032,2012-01-08T22:28:03.733
1.27033,2012-01-08T22:28:07.187
1.27034,2012-01-08T22:28:28.827
1.27037,2012-01-08T22:28:40.187
1.27036,2012-01-08T22:28:45.687
1.27034,2012-01-08T22:28:46.373
1.27032,2012-01-08T22:28:46.717
1.27031,2012-01-08T22:28:48.420
1.27033,2012-01-08T22:28:49.467
1.27032,2012-01-08T22:29:00.123
1.27031,2012-01-08T22:29:00.793
1.2703,2012-01-08T22:29:01.153
1.27028,2012-01-08T22:29:07.327
1.2703,2012-01-08T22:29:07.687
1.27028,2012-01-08T22:29:11.123
1.27029,2012-01-08T22:29:11.467
1.27028,2012-01-08T22:29:14.200
1.27024,2012-01-08T22:29:15.233
1.27027,2012-01-08T22:29:15.577
1.27028,2012-01-08T22:29:15.937
1.27027,2012-01-08T22:29:19.373
1.27027,2012-01-08T22:29:23.137
1.27025,2012-01-08T22:29:23.497
1.27027,2012-01-08T22:29:23.840
1.27024,2012-01-08T22:29:27.263
1.27025,2012-01-08T22:29:27.607
1.27026,2012-01-08T22:29:29.670
1.27025,2012-01-08T22:29:30.700
1.27026,2012-01-08T22:29:34.840
1.27025,2012-01-08T22:29:35.170
1.27026,2012-01-08T22:29:35.873
1.27025,2012-01-08T22:29:39.293
1.27023,2012-01-08T22:29:42.387
1.27021,2012-01-08T22:29:44.123
1.2702,2012-01-08T22:29:45.497
1.27021,2012-01-08T22:29:45.827
1.2702,2012-01-08T22:29:46.170
1.27021,2012-01-08T22:29:47.200
1.2702,2012-01-08T22:29:48.920
1.27021,2012-01-08T22:29:49.950
1.27022,2012-01-08T22:29:50.653
1.27021,2012-01-08T22:29:51.340
1.27022,2012-01-08T22:30:00.607
1.27023,2012-01-08T22:30:01.310
1.27022,2012-01-08T22:30:01.687
1.27023,2012-01-08T22:30:01.983
1.27021,2012-01-08T22:30:10.577
1.2702,2012-01-08T22:30:10.920
1.27021,2012-01-08T22:30:12.310
1.27018,2012-01-08T22:30:20.200
1.27017,2012-01-08T22:30:20.543
1.27018,2012-01-08T22:30:21.233
1.27019,2012-01-08T22:30:26.387
1.27018,2012-01-08T22:30:26.733
1.27017,2012-01-08T22:30:28.793
1.27018,2012-01-08T22:30:29.483
1.27017,2012-01-08T22:30:30.170
1.27018,2012-01-08T22:30:42.217
1.27019,2012-01-08T22:30:42.560
1.27018,2012-01-08T22:30:44.263
1.27021,2012-01-08T22:31:13.483
1.2702,2012-01-08T22:31:14.187
1.27027,2012-01-08T22:31:27.590
1.27029,2012-01-08T22:31:28.280
1.2703,2012-01-08T22:31:37.543
1.27029,2012-01-08T22:31:37.887
1.2703,2012-01-08T22:31:38.247
1.27029,2012-01-08T22:31:38.937
1.27028,2012-01-08T22:32:06.437
1.27029,2012-01-08T22:32:39.780
1.2703,2012-01-08T22:33:02.450
1.27029,2012-01-08T22:33:27.217
1.2703,2012-01-08T22:33:27.887
1.27029,2012-01-08T22:33:28.247
1.2703,2012-01-08T22:33:28.590
1.27032,2012-01-08T22:33:33.733
1.2703,2012-01-08T22:33:35.450
1.27028,2012-01-08T22:33:37.187
1.27027,2012-01-08T22:33:37.857
1.27026,2012-01-08T22:33:42.327
1.27018,2012-01-08T22:33:43.373
1.27015,2012-01-08T22:33:59.873
1.27016,2012-01-08T22:34:00.200
1.27017,2012-01-08T22:34:04.340
1.27016,2012-01-08T22:34:05.373
1.27015,2012-01-08T22:34:06.403
1.27016,2012-01-08T22:34:06.733
1.27016,2012-01-08T22:34:20.840
1.27015,2012-01-08T22:34:21.170
1.27016,2012-01-08T22:34:32.170
1.27015,2012-01-08T22:34:32.857
1.27016,2012-01-08T22:34:33.200
1.27015,2012-01-08T22:34:37.327
1.27012,2012-01-08T22:34:37.687
1.27008,2012-01-08T22:34:38.373
1.27007,2012-01-08T22:34:40.437
1.27005,2012-01-08T22:34:40.780
1.27002,2012-01-08T22:34:41.123
1.27005,2012-01-08T22:34:41.450
1.27004,2012-01-08T22:34:42.153
1.27005,2012-01-08T22:34:42.827
1.27004,2012-01-08T22:34:43.513
1.27005,2012-01-08T22:34:43.857
1.27004,2012-01-08T22:34:44.543
1.27005,2012-01-08T22:34:46.263
1.27006,2012-01-08T22:34:46.607
1.27005,2012-01-08T22:34:47.637
1.27004,2012-01-08T22:34:48.340
1.27006,2012-01-08T22:34:49.373
1.27004,2012-01-08T22:34:52.107
1.27005,2012-01-08T22:34:52.450
1.27004,2012-01-08T22:34:52.793
1.27005,2012-01-08T22:34:59.670
1.27006,2012-01-08T22:35:00.357
1.27005,2012-01-08T22:35:00.717
1.27003,2012-01-08T22:35:03.467
1.27005,2012-01-08T22:35:03.810
1.27006,2012-01-08T22:35:04.137
1.27007,2012-01-08T22:35:29.590
1.27005,2012-01-08T22:35:30.607
1.27004,2012-01-08T22:35:32.327
1.27002,2012-01-08T22:35:45.403
1.27004,2012-01-08T22:35:47.793
1.27005,2012-01-08T22:36:09.810
1.27004,2012-01-08T22:36:11.170
1.27002,2012-01-08T22:36:23.560
1.27,2012-01-08T22:36:24.233
1.26999,2012-01-08T22:36:28.357
1.26997,2012-01-08T22:36:28.717
1.26997,2012-01-08T22:36:30.437
1.26998,2012-01-08T22:36:32.153
1.27001,2012-01-08T22:36:32.483
1.27005,2012-01-08T22:36:33.187
1.27006,2012-01-08T22:36:33.530
1.27,2012-01-08T22:36:34.217
1.27001,2012-01-08T22:36:36.280
1.27,2012-01-08T22:36:37.310
1.27001,2012-01-08T22:36:37.983
1.27,2012-01-08T22:36:41.437
1.26997,2012-01-08T22:36:42.123
1.26999,2012-01-08T22:36:54.137
1.27007,2012-01-08T22:36:54.483
1.27011,2012-01-08T22:36:54.827
1.27012,2012-01-08T22:37:00.670
1.27009,2012-01-08T22:37:01.670
1.2701,2012-01-08T22:37:04.123
1.27008,2012-01-08T22:37:21.310
1.27007,2012-01-08T22:37:21.983
1.27006,2012-01-08T22:37:36.780
1.27007,2012-01-08T22:37:37.810
1.27005,2012-01-08T22:37:53.280
1.27007,2012-01-08T22:37:54.310
1.27008,2012-01-08T22:38:00.153
1.27007,2012-01-08T22:38:01.187
1.27006,2012-01-08T22:38:25.590
1.27007,2012-01-08T22:38:26.263
1.27006,2012-01-08T22:38:27.293
1.27009,2012-01-08T22:38:30.403
1.27007,2012-01-08T22:38:32.467
1.27006,2012-01-08T22:38:33.137
1.27005,2012-01-08T22:38:34.170
1.27007,2012-01-08T22:38:38.637
1.27006,2012-01-08T22:38:49.293
1.27007,2012-01-08T22:38:49.653
1.27006,2012-01-08T22:38:49.997
1.27012,2012-01-08T22:38:50.687
1.27005,2012-01-08T22:38:51.373
1.27006,2012-01-08T22:38:51.700
1.27007,2012-01-08T22:38:52.747
1.27005,2012-01-08T22:39:00.293
1.27006,2012-01-08T22:39:00.983
1.27005,2012-01-08T22:39:11.653
1.27006,2012-01-08T22:39:11.997
1.27005,2012-01-08T22:39:12.327
1.27005,2012-01-08T22:39:13.717
1.27005,2012-01-08T22:39:14.387
1.27005,2012-01-08T22:39:21.623
1.27006,2012-01-08T22:39:21.967
1.27005,2012-01-08T22:39:22.310
1.27006,2012-01-08T22:40:14.903
1.27005,2012-01-08T22:40:15.233
1.27006,2012-01-08T22:40:18.327
1.27005,2012-01-08T22:40:19.373
1.27005,2012-01-08T22:40:20.403
1.27006,2012-01-08T22:40:44.123
1.27005,2012-01-08T22:40:56.840
1.27004,2012-01-08T22:41:00.950
1.27005,2012-01-08T22:41:01.653
1.27004,2012-01-08T22:41:08.873
1.27005,2012-01-08T22:41:09.887
1.27006,2012-01-08T22:41:16.420
1.27005,2012-01-08T22:41:17.107
1.27006,2012-01-08T22:41:18.483
1.27007,2012-01-08T22:41:19.170
1.27006,2012-01-08T22:41:19.873
1.27011,2012-01-08T22:41:22.263
1.27008,2012-01-08T22:41:22.950
1.27007,2012-01-08T22:41:23.310
1.27006,2012-01-08T22:41:24.340
1.27007,2012-01-08T22:41:25.700
1.27003,2012-01-08T22:41:26.387
1.27004,2012-01-08T22:41:26.747
1.27003,2012-01-08T22:41:27.420
1.27004,2012-01-08T22:41:27.763
1.27003,2012-01-08T22:41:36.717
1.27002,2012-01-08T22:41:37.747
1.27001,2012-01-08T22:41:39.450
1.27002,2012-01-08T22:41:39.793
1.27008,2012-01-08T22:41:44.263
1.27002,2012-01-08T22:41:44.623
1.27001,2012-01-08T22:41:44.950
1.27002,2012-01-08T22:41:45.310
1.27001,2012-01-08T22:41:47.700
1.27001,2012-01-08T22:41:48.733
1.27001,2012-01-08T22:41:49.763
1.27002,2012-01-08T22:41:50.467
1.26996,2012-01-08T22:41:52.857
1.26997,2012-01-08T22:42:00.420
1.26996,2012-01-08T22:42:00.780
1.26997,2012-01-08T22:42:04.560
1.26999,2012-01-08T22:42:04.887
1.26998,2012-01-08T22:42:05.233
1.26997,2012-01-08T22:42:05.937
1.26998,2012-01-08T22:42:06.263
1.26997,2012-01-08T22:42:11.437
1.27,2012-01-08T22:42:11.780
1.27001,2012-01-08T22:42:12.123
1.27002,2012-01-08T22:42:14.513
1.27001,2012-01-08T22:42:14.873
1.27003,2012-01-08T22:42:15.200
1.27002,2012-01-08T22:42:15.560
1.27003,2012-01-08T22:42:25.873
1.27002,2012-01-08T22:42:26.217
1.27002,2012-01-08T22:42:32.387
1.27003,2012-01-08T22:42:33.437
1.27002,2012-01-08T22:42:48.543
1.27003,2012-01-08T22:42:50.280
1.27005,2012-01-08T22:42:51.670
1.27003,2012-01-08T22:43:10.887
1.27004,2012-01-08T22:43:42.513
1.27003,2012-01-08T22:43:53.170
1.27002,2012-01-08T22:44:25.137
1.27003,2012-01-08T22:44:27.200
1.27002,2012-01-08T22:44:33.403
1.27001,2012-01-08T22:44:36.153
1.27002,2012-01-08T22:44:37.187
1.27003,2012-01-08T22:44:38.560
1.27002,2012-01-08T22:44:38.903
1.27003,2012-01-08T22:44:52.983
1.27004,2012-01-08T22:44:53.327
1.27003,2012-01-08T22:44:53.687
1.27002,2012-01-08T22:44:54.373
1.27002,2012-01-08T22:44:57.450
1.27002,2012-01-08T22:45:47.293
1.27003,2012-01-08T22:45:52.450
1.27001,2012-01-08T22:46:00.373
1.27,2012-01-08T22:46:01.747
1.26999,2012-01-08T22:46:02.763
1.27,2012-01-08T22:46:03.467
1.26999,2012-01-08T22:46:05.873
1.26998,2012-01-08T22:46:06.217
1.26999,2012-01-08T22:46:06.560
1.26998,2012-01-08T22:46:07.247
1.26997,2012-01-08T22:46:07.590
1.26996,2012-01-08T22:46:07.920
1.26995,2012-01-08T22:46:13.420
1.2699,2012-01-08T22:46:13.763
1.26988,2012-01-08T22:46:15.153
1.26987,2012-01-08T22:46:15.483
1.26988,2012-01-08T22:46:16.513
1.26985,2012-01-08T22:46:23.403
1.26983,2012-01-08T22:46:23.733
1.26981,2012-01-08T22:46:26.483
1.2698,2012-01-08T22:46:26.827
1.26978,2012-01-08T22:46:28.560
1.26981,2012-01-08T22:46:30.950
1.26983,2012-01-08T22:46:31.293
1.26984,2012-01-08T22:46:32.327
1.26983,2012-01-08T22:46:32.670
1.26983,2012-01-08T22:46:33.700
1.26984,2012-01-08T22:46:34.387
1.26982,2012-01-08T22:46:41.967
1.26983,2012-01-08T22:46:47.467
1.26981,2012-01-08T22:46:47.810
1.26982,2012-01-08T22:46:49.857
1.26981,2012-01-08T22:46:50.217
1.26982,2012-01-08T22:46:50.903
1.26983,2012-01-08T22:46:56.747
1.26984,2012-01-08T22:46:58.793
1.26983,2012-01-08T22:46:59.840
1.26984,2012-01-08T22:47:37.653
1.26983,2012-01-08T22:47:39.700
1.26984,2012-01-08T22:47:41.437
1.26983,2012-01-08T22:47:42.123
1.26984,2012-01-08T22:47:42.450
1.26983,2012-01-08T22:47:43.840
1.26982,2012-01-08T22:47:58.607
1.26983,2012-01-08T22:47:58.950
1.26984,2012-01-08T22:48:07.903
1.26982,2012-01-08T22:48:45.373
1.26981,2012-01-08T22:48:53.967
1.26983,2012-01-08T22:48:54.310
1.26982,2012-01-08T22:48:54.983
1.26981,2012-01-08T22:48:55.327
1.26982,2012-01-08T22:48:55.670
1.26972,2012-01-08T22:49:25.920
1.26968,2012-01-08T22:49:26.263
1.26964,2012-01-08T22:49:26.607
1.26963,2012-01-08T22:49:27.293
1.26961,2012-01-08T22:49:27.983
1.26964,2012-01-08T22:49:30.747
1.26965,2012-01-08T22:49:36.233
1.26966,2012-01-08T22:49:37.263
1.26964,2012-01-08T22:49:37.623
1.26966,2012-01-08T22:49:37.967
1.26958,2012-01-08T22:49:38.637
1.26963,2012-01-08T22:49:38.997
1.26954,2012-01-08T22:49:39.340
1.26952,2012-01-08T22:49:40.373
1.26953,2012-01-08T22:49:40.700
1.2695,2012-01-08T22:49:43.467
1.26951,2012-01-08T22:49:43.793
1.26946,2012-01-08T22:49:45.513
1.26943,2012-01-08T22:49:45.873
1.26944,2012-01-08T22:49:46.903
1.26943,2012-01-08T22:49:47.247
1.26944,2012-01-08T22:49:47.920
1.26943,2012-01-08T22:49:50.340
1.26942,2012-01-08T22:49:51.373
1.26943,2012-01-08T22:49:51.670
1.26942,2012-01-08T22:49:51.733
1.26941,2012-01-08T22:49:52.387
1.26942,2012-01-08T22:49:52.747
1.26942,2012-01-08T22:49:53.420
1.26943,2012-01-08T22:49:53.780
1.26946,2012-01-08T22:49:54.123
1.26943,2012-01-08T22:49:54.793
1.26942,2012-01-08T22:49:55.497
1.26943,2012-01-08T22:49:55.827
1.2694,2012-01-08T22:49:56.857
1.26942,2012-01-08T22:49:57.200
1.26941,2012-01-08T22:49:57.543
1.26939,2012-01-08T22:49:57.887
1.26941,2012-01-08T22:49:58.247
1.26942,2012-01-08T22:49:58.577
1.2694,2012-01-08T22:49:58.920
1.26939,2012-01-08T22:49:59.280
1.26938,2012-01-08T22:49:59.623
1.26937,2012-01-08T22:50:00.637
1.26938,2012-01-08T22:50:04.437
1.2694,2012-01-08T22:50:05.123
1.26941,2012-01-08T22:50:05.793
1.2694,2012-01-08T22:50:06.497
1.26935,2012-01-08T22:50:06.840
1.26936,2012-01-08T22:50:07.187
1.2693,2012-01-08T22:50:08.560
1.26929,2012-01-08T22:50:10.607
1.2693,2012-01-08T22:50:11.293
1.26928,2012-01-08T22:50:11.997
1.2693,2012-01-08T22:50:12.340
1.2693,2012-01-08T22:50:13.373
1.26931,2012-01-08T22:50:19.543
1.2693,2012-01-08T22:50:20.590
1.26931,2012-01-08T22:50:23.687
1.2693,2012-01-08T22:50:24.717
1.26932,2012-01-08T22:50:27.467
1.26933,2012-01-08T22:50:28.483
1.26932,2012-01-08T22:50:36.387
1.26932,2012-01-08T22:50:37.437
1.26931,2012-01-08T22:50:38.107
1.26932,2012-01-08T22:50:38.793
1.26931,2012-01-08T22:50:39.153
1.26932,2012-01-08T22:50:40.513
1.26931,2012-01-08T22:50:40.857
1.26933,2012-01-08T22:50:41.217
1.26932,2012-01-08T22:50:41.543
1.26934,2012-01-08T22:50:41.887
1.26936,2012-01-08T22:50:44.997
1.26938,2012-01-08T22:50:52.217
1.26937,2012-01-08T22:50:52.543
1.26932,2012-01-08T22:50:57.373
1.2692,2012-01-08T22:50:57.717
1.26925,2012-01-08T22:50:59.437
1.26923,2012-01-08T22:50:59.780
1.26922,2012-01-08T22:51:00.793
1.26923,2012-01-08T22:51:01.827
1.26922,2012-01-08T22:51:02.187
1.26923,2012-01-08T22:51:02.857
1.26924,2012-01-08T22:51:03.217
1.26923,2012-01-08T22:51:03.887
1.2692,2012-01-08T22:51:05.280
1.26923,2012-01-08T22:51:05.623
1.2692,2012-01-08T22:51:08.387
1.26919,2012-01-08T22:51:08.717
1.2691,2012-01-08T22:51:09.403
1.26919,2012-01-08T22:51:11.107
1.26917,2012-01-08T22:51:12.153
1.26918,2012-01-08T22:51:12.483
1.26917,2012-01-08T22:51:12.840
1.26915,2012-01-08T22:51:13.170
1.26913,2012-01-08T22:51:13.857
1.26911,2012-01-08T22:51:14.543
1.26912,2012-01-08T22:51:15.937
1.26914,2012-01-08T22:51:16.623
1.26913,2012-01-08T22:51:17.983
1.26912,2012-01-08T22:51:18.670
1.26913,2012-01-08T22:51:19.717
1.26912,2012-01-08T22:51:20.403
1.26912,2012-01-08T22:51:21.763
1.26913,2012-01-08T22:51:22.793
1.26915,2012-01-08T22:51:23.497
1.26914,2012-01-08T22:51:23.827
1.26909,2012-01-08T22:51:24.170
1.26905,2012-01-08T22:51:24.530
1.26906,2012-01-08T22:51:28.310
1.26907,2012-01-08T22:51:28.653
1.26914,2012-01-08T22:51:28.983
1.26918,2012-01-08T22:51:29.327
1.26917,2012-01-08T22:51:29.670
1.26913,2012-01-08T22:51:37.577
1.26912,2012-01-08T22:51:42.387
1.26914,2012-01-08T22:51:42.733
1.26913,2012-01-08T22:51:43.420
1.26915,2012-01-08T22:51:43.763
1.26914,2012-01-08T22:51:44.107
1.26913,2012-01-08T22:51:44.450
1.26912,2012-01-08T22:51:45.827
1.2691,2012-01-08T22:51:46.857
1.26909,2012-01-08T22:51:47.560
1.2691,2012-01-08T22:51:47.903
1.26909,2012-01-08T22:51:48.590
1.26908,2012-01-08T22:51:49.263
1.2691,2012-01-08T22:51:50.637
1.26911,2012-01-08T22:51:51.670
1.2691,2012-01-08T22:51:52.357
1.26908,2012-01-08T22:51:52.700
1.26908,2012-01-08T22:51:54.437
1.26909,2012-01-08T22:51:54.780
1.26907,2012-01-08T22:51:55.123
1.26909,2012-01-08T22:52:01.653
1.26908,2012-01-08T22:52:01.997
1.2691,2012-01-08T22:52:03.717
1.26918,2012-01-08T22:52:06.137
1.26914,2012-01-08T22:52:06.450
1.2692,2012-01-08T22:52:07.483
1.26922,2012-01-08T22:52:08.530
1.26924,2012-01-08T22:52:08.857
1.26923,2012-01-08T22:52:09.217
1.26919,2012-01-08T22:52:09.903
1.26917,2012-01-08T22:52:11.280
1.26921,2012-01-08T22:52:17.107
1.26925,2012-01-08T22:52:17.467
1.26919,2012-01-08T22:52:19.530
1.2692,2012-01-08T22:52:19.873
1.26919,2012-01-08T22:52:21.233
1.26918,2012-01-08T22:52:21.920
1.26917,2012-01-08T22:52:22.263
1.26918,2012-01-08T22:52:29.153
1.2692,2012-01-08T22:52:29.497
1.26926,2012-01-08T22:52:29.840
1.26925,2012-01-08T22:52:30.873
1.26924,2012-01-08T22:52:42.200
1.26925,2012-01-08T22:52:45.293
1.26924,2012-01-08T22:52:45.653
1.26923,2012-01-08T22:52:55.967
1.26923,2012-01-08T22:53:16.590
1.26927,2012-01-08T22:53:36.187
1.26923,2012-01-08T22:53:36.513
1.26924,2012-01-08T22:53:37.543
1.26923,2012-01-08T22:53:48.560
1.26924,2012-01-08T22:53:48.903
1.26929,2012-01-08T22:53:50.967
1.26928,2012-01-08T22:53:51.653
1.26931,2012-01-08T22:53:53.373
1.2693,2012-01-08T22:53:53.717
1.26927,2012-01-08T22:53:56.450
1.26923,2012-01-08T22:53:56.670
1.26922,2012-01-08T22:53:56.810
1.26925,2012-01-08T22:53:57.137
1.26923,2012-01-08T22:53:57.497
1.2692,2012-01-08T22:53:58.170
1.26919,2012-01-08T22:53:58.873
1.2692,2012-01-08T22:53:59.217
1.26919,2012-01-08T22:54:00.577
1.2692,2012-01-08T22:54:00.937
1.26921,2012-01-08T22:54:01.263
1.2692,2012-01-08T22:54:01.607
1.26923,2012-01-08T22:54:01.967
1.26924,2012-01-08T22:54:02.310
1.26927,2012-01-08T22:54:04.373
1.26928,2012-01-08T22:54:04.717
1.26927,2012-01-08T22:54:05.733
1.26927,2012-01-08T22:54:07.793
1.2693,2012-01-08T22:54:08.483
1.26932,2012-01-08T22:54:08.827
1.26931,2012-01-08T22:54:09.170
1.26932,2012-01-08T22:54:09.530
1.26934,2012-01-08T22:54:09.857
1.26944,2012-01-08T22:54:10.217
1.26945,2012-01-08T22:54:10.543
1.26946,2012-01-08T22:54:12.967
1.26945,2012-01-08T22:54:14.327
1.26961,2012-01-08T22:54:21.887
1.26962,2012-01-08T22:54:22.233
1.26964,2012-01-08T22:54:22.590
1.26959,2012-01-08T22:54:24.653
1.26957,2012-01-08T22:54:25.687
1.26957,2012-01-08T22:54:26.373
1.26958,2012-01-08T22:54:26.717
1.26954,2012-01-08T22:54:29.450
1.26924,2012-01-08T22:54:29.810
1.26926,2012-01-08T22:54:30.137
1.26927,2012-01-08T22:54:33.577
1.26926,2012-01-08T22:54:33.920
1.26927,2012-01-08T22:54:34.280
1.26926,2012-01-08T22:54:34.950
1.26935,2012-01-08T22:54:36.340
1.26936,2012-01-08T22:54:39.437
1.26935,2012-01-08T22:54:40.793
1.26936,2012-01-08T22:54:41.137
1.26928,2012-01-08T22:54:41.483
1.26919,2012-01-08T22:54:41.827
1.26927,2012-01-08T22:54:48.357
1.26929,2012-01-08T22:54:48.700
1.26928,2012-01-08T22:54:49.733
1.26932,2012-01-08T22:54:50.437
1.26935,2012-01-08T22:54:51.810
1.26938,2012-01-08T22:54:52.840
1.26941,2012-01-08T22:54:53.857
1.26944,2012-01-08T22:54:54.543
1.26945,2012-01-08T22:54:54.887
1.26944,2012-01-08T22:54:55.590
1.26943,2012-01-08T22:54:57.637
1.26946,2012-01-08T22:55:03.840
1.26952,2012-01-08T22:55:06.247
1.26955,2012-01-08T22:55:06.577
1.26957,2012-01-08T22:55:06.670
1.26964,2012-01-08T22:55:08.310
1.26963,2012-01-08T22:55:08.637
1.26962,2012-01-08T22:55:08.983
1.26963,2012-01-08T22:55:12.437
1.26961,2012-01-08T22:55:14.827
1.2696,2012-01-08T22:55:16.217
1.26961,2012-01-08T22:55:16.887
1.2696,2012-01-08T22:55:17.247
1.26954,2012-01-08T22:55:17.590
1.26953,2012-01-08T22:55:17.920
1.26946,2012-01-08T22:55:18.607
1.26947,2012-01-08T22:55:19.293
1.26945,2012-01-08T22:55:19.983
1.26947,2012-01-08T22:55:21.717
1.26948,2012-01-08T22:55:22.387
1.26949,2012-01-08T22:55:22.747
1.26948,2012-01-08T22:55:24.123
1.26946,2012-01-08T22:55:24.793
1.26942,2012-01-08T22:55:25.497
1.2694,2012-01-08T22:55:25.827
1.26937,2012-01-08T22:55:26.187
1.26934,2012-01-08T22:55:26.857
1.26931,2012-01-08T22:55:27.217
1.26932,2012-01-08T22:55:27.543
1.26934,2012-01-08T22:55:27.887
1.26935,2012-01-08T22:55:28.577
1.26932,2012-01-08T22:55:28.920
1.2693,2012-01-08T22:55:37.873
1.26931,2012-01-08T22:55:40.607
1.26933,2012-01-08T22:55:43.717
1.26922,2012-01-08T22:55:49.560
1.26924,2012-01-08T22:55:50.233
1.26934,2012-01-08T22:55:51.280
1.26936,2012-01-08T22:55:51.623
1.26933,2012-01-08T22:55:51.967
1.26932,2012-01-08T22:55:52.310
1.26931,2012-01-08T22:55:55.403
1.26932,2012-01-08T22:55:55.733
1.26931,2012-01-08T22:55:57.107
1.26932,2012-01-08T22:55:57.467
1.26931,2012-01-08T22:55:58.827
1.2693,2012-01-08T22:56:01.920
1.26929,2012-01-08T22:56:02.263
1.26934,2012-01-08T22:56:03.983
1.26932,2012-01-08T22:56:28.387
1.26931,2012-01-08T22:56:34.247
1.2693,2012-01-08T22:56:34.577
1.26931,2012-01-08T22:56:35.280
1.26932,2012-01-08T22:56:41.107
1.2693,2012-01-08T22:56:53.137
1.26929,2012-01-08T22:57:07.247
1.2693,2012-01-08T22:57:07.920
1.26929,2012-01-08T22:57:08.280
1.2693,2012-01-08T22:57:08.967
1.26929,2012-01-08T22:57:09.293
1.2693,2012-01-08T22:57:09.983
1.26929,2012-01-08T22:57:16.530
1.2693,2012-01-08T22:57:18.247
1.26929,2012-01-08T22:57:18.577
1.2693,2012-01-08T22:57:18.920
1.26929,2012-01-08T22:57:19.280
1.2693,2012-01-08T22:57:19.967
1.2693,2012-01-08T22:57:22.357
1.26931,2012-01-08T22:57:22.700
1.26931,2012-01-08T22:57:29.590
1.26931,2012-01-08T22:57:44.357
1.26933,2012-01-08T22:57:44.717
1.26934,2012-01-08T22:57:53.310
1.26933,2012-01-08T22:58:04.310
1.26928,2012-01-08T22:58:35.590
1.26931,2012-01-08T22:58:36.967
1.2693,2012-01-08T22:58:37.310
1.26931,2012-01-08T22:58:37.653
1.2693,2012-01-08T22:58:46.233
1.26928,2012-01-08T22:59:17.187
1.26926,2012-01-08T22:59:23.700
1.26927,2012-01-08T22:59:28.187
1.26926,2012-01-08T22:59:28.873
1.26924,2012-01-08T22:59:29.200
1.26925,2012-01-08T22:59:34.700
1.26925,2012-01-08T22:59:42.607
1.26924,2012-01-08T22:59:53.280
1.26925,2012-01-08T22:59:54.293
1.26924,2012-01-08T23:00:00.543
1.26916,2012-01-08T23:00:01.200
1.26914,2012-01-08T23:00:01.530
1.26915,2012-01-08T23:00:02.560
1.26914,2012-01-08T23:00:03.577
1.26915,2012-01-08T23:00:03.920
1.26912,2012-01-08T23:00:05.997
1.26911,2012-01-08T23:00:06.327
1.26913,2012-01-08T23:00:07.357
1.26912,2012-01-08T23:00:08.733
1.26912,2012-01-08T23:00:10.123
1.26913,2012-01-08T23:00:11.187
1.26915,2012-01-08T23:00:11.483
1.26914,2012-01-08T23:00:11.857
1.26913,2012-01-08T23:00:12.873
1.26911,2012-01-08T23:00:13.217
1.26909,2012-01-08T23:00:13.543
1.26911,2012-01-08T23:00:14.920
1.26912,2012-01-08T23:00:17.340
1.26911,2012-01-08T23:00:19.747
1.26912,2012-01-08T23:00:22.827
1.26913,2012-01-08T23:00:25.233
1.26916,2012-01-08T23:00:25.937
1.26914,2012-01-08T23:00:27.997
1.26917,2012-01-08T23:00:33.827
1.26918,2012-01-08T23:00:36.247
1.26915,2012-01-08T23:00:36.577
1.26917,2012-01-08T23:00:39.670
1.26918,2012-01-08T23:00:44.827
1.26917,2012-01-08T23:00:53.780
1.26916,2012-01-08T23:01:00.293
1.26911,2012-01-08T23:01:04.763
1.2691,2012-01-08T23:01:11.997
1.26911,2012-01-08T23:01:14.403
1.26924,2012-01-08T23:01:33.340
1.26922,2012-01-08T23:01:33.653
1.26919,2012-01-08T23:01:39.137
1.26925,2012-01-08T23:01:39.530
1.26924,2012-01-08T23:01:39.827
1.26923,2012-01-08T23:01:40.187
1.26925,2012-01-08T23:01:41.217
1.26923,2012-01-08T23:01:41.577
1.26922,2012-01-08T23:01:42.937
1.26926,2012-01-08T23:01:46.387
1.26925,2012-01-08T23:01:47.733
1.26926,2012-01-08T23:01:52.887
1.26925,2012-01-08T23:01:54.967
1.26926,2012-01-08T23:01:55.293
1.26924,2012-01-08T23:01:55.653
1.26925,2012-01-08T23:01:59.793
1.26924,2012-01-08T23:02:02.873
1.26925,2012-01-08T23:02:03.200
1.26924,2012-01-08T23:02:05.607
1.26925,2012-01-08T23:02:12.147
1.26926,2012-01-08T23:02:13.863
1.26929,2012-01-08T23:02:15.563
1.26929,2012-01-08T23:02:29.297
1.26927,2012-01-08T23:02:30.703
1.26929,2012-01-08T23:02:31.360
1.26931,2012-01-08T23:02:34.813
1.26929,2012-01-08T23:02:35.487
1.26919,2012-01-08T23:02:37.580
1.26918,2012-01-08T23:02:37.890
1.2692,2012-01-08T23:02:38.250
1.26919,2012-01-08T23:02:38.580
1.2692,2012-01-08T23:02:38.937
1.26919,2012-01-08T23:02:39.627
1.2692,2012-01-08T23:02:39.953
1.26912,2012-01-08T23:02:40.297
1.2691,2012-01-08T23:02:40.673
1.26921,2012-01-08T23:02:41.377
1.26923,2012-01-08T23:02:41.737
1.26909,2012-01-08T23:02:43.750
1.26918,2012-01-08T23:02:44.767
1.2692,2012-01-08T23:02:45.127
1.26921,2012-01-08T23:02:45.470
1.26919,2012-01-08T23:02:45.797
1.26921,2012-01-08T23:02:47.187
1.26922,2012-01-08T23:03:00.237
1.26923,2012-01-08T23:03:00.580
1.26918,2012-01-08T23:03:03.347
1.2692,2012-01-08T23:03:04.360
1.26919,2012-01-08T23:03:07.797
1.2692,2012-01-08T23:03:09.533
1.26918,2012-01-08T23:03:12.970
1.26919,2012-01-08T23:03:23.283
1.2692,2012-01-08T23:03:24.297
1.26918,2012-01-08T23:03:24.987
1.2692,2012-01-08T23:03:25.673
1.26917,2012-01-08T23:03:33.250
1.26919,2012-01-08T23:03:33.580
1.26921,2012-01-08T23:03:49.737
1.2692,2012-01-08T23:03:53.517
1.26921,2012-01-08T23:03:55.580
1.26919,2012-01-08T23:04:07.953
1.26921,2012-01-08T23:04:15.533
1.2692,2012-01-08T23:04:31.703
1.2692,2012-01-08T23:04:36.847
1.26921,2012-01-08T23:04:37.860
1.26919,2012-01-08T23:04:38.203
1.26917,2012-01-08T23:04:56.437
1.26919,2012-01-08T23:04:59.517
1.26922,2012-01-08T23:05:08.813
1.26915,2012-01-08T23:05:24.610
1.2691,2012-01-08T23:05:24.953
1.26924,2012-01-08T23:05:26.703
1.26922,2012-01-08T23:05:27.703
1.2692,2012-01-08T23:05:28.390
1.26921,2012-01-08T23:05:29.437
1.2692,2012-01-08T23:05:30.470
1.26921,2012-01-08T23:05:31.140
1.26924,2012-01-08T23:05:31.860
1.26923,2012-01-08T23:05:32.187
1.26932,2012-01-08T23:05:44.907
1.26924,2012-01-08T23:05:45.237
1.26923,2012-01-08T23:05:49.390
1.26921,2012-01-08T23:05:49.720
1.26927,2012-01-08T23:05:51.423
1.26926,2012-01-08T23:05:53.500
1.26927,2012-01-08T23:05:54.187
1.26928,2012-01-08T23:05:56.937
1.26927,2012-01-08T23:05:57.953
1.26926,2012-01-08T23:05:59.673
1.26928,2012-01-08T23:06:02.783
1.26926,2012-01-08T23:06:07.923
1.26924,2012-01-08T23:06:08.267
1.26925,2012-01-08T23:06:09.297
1.26926,2012-01-08T23:06:10.330
1.26925,2012-01-08T23:06:10.673
1.26925,2012-01-08T23:06:16.533
1.26923,2012-01-08T23:06:20.297
1.26924,2012-01-08T23:06:26.847
1.26923,2012-01-08T23:06:27.173
1.26922,2012-01-08T23:06:28.220
1.26923,2012-01-08T23:06:30.610
1.26922,2012-01-08T23:06:31.297
1.26921,2012-01-08T23:06:33.377
1.26924,2012-01-08T23:06:34.737
1.26922,2012-01-08T23:06:37.830
1.26924,2012-01-08T23:06:38.173
1.26923,2012-01-08T23:06:39.547
1.26924,2012-01-08T23:06:48.500
1.26926,2012-01-08T23:06:50.220
1.26925,2012-01-08T23:06:53.297
1.26924,2012-01-08T23:06:53.657
1.26925,2012-01-08T23:06:53.987
1.26924,2012-01-08T23:06:55.703
1.26924,2012-01-08T23:06:56.737
1.26922,2012-01-08T23:07:05.687
1.26924,2012-01-08T23:07:09.813
1.26922,2012-01-08T23:07:26.657
1.2692,2012-01-08T23:07:37.640
1.2691,2012-01-08T23:07:39.703
1.26898,2012-01-08T23:07:41.453
1.26896,2012-01-08T23:07:42.127
1.26898,2012-01-08T23:07:42.797
1.26896,2012-01-08T23:07:43.487
1.26897,2012-01-08T23:07:44.173
1.26896,2012-01-08T23:07:50.377
1.26897,2012-01-08T23:07:50.720
1.26887,2012-01-08T23:07:52.470
1.26886,2012-01-08T23:07:52.797
1.26887,2012-01-08T23:07:53.110
1.26886,2012-01-08T23:07:53.470
1.26888,2012-01-08T23:07:54.500
1.26887,2012-01-08T23:07:54.830
1.26888,2012-01-08T23:07:55.173
1.26897,2012-01-08T23:07:55.877
1.26898,2012-01-08T23:07:56.220
1.26899,2012-01-08T23:07:56.547
1.26898,2012-01-08T23:07:56.907
1.26901,2012-01-08T23:08:03.423
1.2689,2012-01-08T23:08:08.267
1.26889,2012-01-08T23:08:12.377
1.2688,2012-01-08T23:08:13.390
1.26884,2012-01-08T23:08:14.783
1.26887,2012-01-08T23:08:17.173
1.26886,2012-01-08T23:08:18.203
1.26885,2012-01-08T23:08:19.580
1.26883,2012-01-08T23:08:21.297
1.26884,2012-01-08T23:08:23.703
1.26883,2012-01-08T23:08:25.437
1.26881,2012-01-08T23:08:26.110
1.26875,2012-01-08T23:08:27.173
1.2687,2012-01-08T23:08:29.580
1.26865,2012-01-08T23:08:29.937
1.26863,2012-01-08T23:08:30.250
1.26866,2012-01-08T23:08:30.610
1.26864,2012-01-08T23:08:30.937
1.2686,2012-01-08T23:08:32.313
1.26857,2012-01-08T23:08:32.673
1.26851,2012-01-08T23:08:34.377
1.26853,2012-01-08T23:08:35.737
1.26852,2012-01-08T23:08:39.517
1.26853,2012-01-08T23:08:40.547
1.26851,2012-01-08T23:08:41.580
1.26864,2012-01-08T23:08:42.953
1.26863,2012-01-08T23:08:43.313
1.26866,2012-01-08T23:08:44.347
1.26867,2012-01-08T23:08:44.687
1.26863,2012-01-08T23:08:46.407
1.2686,2012-01-08T23:08:46.737
1.26853,2012-01-08T23:08:47.110
1.26854,2012-01-08T23:08:49.140
1.26855,2012-01-08T23:08:49.847
1.26857,2012-01-08T23:08:50.533
1.26862,2012-01-08T23:08:50.877
1.26865,2012-01-08T23:08:51.203
1.26866,2012-01-08T23:08:51.547
1.26864,2012-01-08T23:08:52.250
1.26862,2012-01-08T23:08:52.597
1.26848,2012-01-08T23:08:53.313
1.26846,2012-01-08T23:08:53.657
1.26848,2012-01-08T23:08:54.297
1.26847,2012-01-08T23:08:56.720
1.26836,2012-01-08T23:08:57.407
1.26835,2012-01-08T23:08:57.783
1.26832,2012-01-08T23:08:58.437
1.26834,2012-01-08T23:08:58.767
1.2684,2012-01-08T23:08:59.127
1.26846,2012-01-08T23:08:59.487
1.26858,2012-01-08T23:08:59.830
1.2686,2012-01-08T23:09:00.140
1.26865,2012-01-08T23:09:00.830
1.26866,2012-01-08T23:09:01.173
1.26865,2012-01-08T23:09:01.533
1.26857,2012-01-08T23:09:01.907
1.26853,2012-01-08T23:09:02.563
1.26851,2012-01-08T23:09:03.923
1.26853,2012-01-08T23:09:05.657
1.26852,2012-01-08T23:09:09.453
1.26851,2012-01-08T23:09:10.470
1.26854,2012-01-08T23:09:12.187
1.26855,2012-01-08T23:09:12.533
1.26856,2012-01-08T23:09:14.250
1.26855,2012-01-08T23:09:17.330
1.26853,2012-01-08T23:09:17.673
1.26855,2012-01-08T23:09:19.390
1.26856,2012-01-08T23:09:25.923
1.26857,2012-01-08T23:09:26.627
1.26856,2012-01-08T23:09:28.347
1.26858,2012-01-08T23:09:30.737
1.2686,2012-01-08T23:09:31.423
1.26859,2012-01-08T23:09:31.783
1.26858,2012-01-08T23:09:32.110
1.26861,2012-01-08T23:09:32.453
1.26872,2012-01-08T23:09:33.533
1.26877,2012-01-08T23:09:33.860
1.26879,2012-01-08T23:09:34.173
1.26878,2012-01-08T23:09:40.703
1.26874,2012-01-08T23:09:48.970
1.26873,2012-01-08T23:09:49.297
1.26871,2012-01-08T23:09:54.797
1.26868,2012-01-08T23:09:55.157
1.26864,2012-01-08T23:09:57.203
1.26866,2012-01-08T23:09:58.597
1.26864,2012-01-08T23:10:02.703
1.26859,2012-01-08T23:10:08.937
1.26864,2012-01-08T23:10:09.283
1.26865,2012-01-08T23:10:09.580
1.26862,2012-01-08T23:10:09.923
1.26849,2012-01-08T23:10:15.110
1.26855,2012-01-08T23:10:15.423
1.26852,2012-01-08T23:10:16.797
1.26853,2012-01-08T23:10:17.140
1.2685,2012-01-08T23:10:21.283
1.26851,2012-01-08T23:10:21.627
1.26852,2012-01-08T23:10:21.970
1.2685,2012-01-08T23:10:28.500
1.26848,2012-01-08T23:10:28.830
1.26855,2012-01-08T23:10:32.267
1.26859,2012-01-08T23:10:32.657
1.26858,2012-01-08T23:10:32.970
1.26857,2012-01-08T23:10:33.313
1.26863,2012-01-08T23:10:34.347
1.26865,2012-01-08T23:10:51.860
1.26864,2012-01-08T23:10:52.890
1.26862,2012-01-08T23:10:54.283
1.26855,2012-01-08T23:10:55.330
1.26856,2012-01-08T23:10:55.640
1.26855,2012-01-08T23:10:56.673
1.26853,2012-01-08T23:10:57.703
1.26854,2012-01-08T23:11:00.127
1.26855,2012-01-08T23:11:02.173
1.26843,2012-01-08T23:11:08.390
1.26847,2012-01-08T23:11:08.737
1.26848,2012-01-08T23:11:09.390
1.26849,2012-01-08T23:11:09.737
1.2685,2012-01-08T23:11:10.783
1.26851,2012-01-08T23:11:11.127
1.2685,2012-01-08T23:11:12.157
1.26851,2012-01-08T23:11:13.860
1.2685,2012-01-08T23:11:14.203
1.26854,2012-01-08T23:11:14.890
1.26852,2012-01-08T23:11:16.970
1.26851,2012-01-08T23:11:24.517
1.26848,2012-01-08T23:11:36.237
1.26849,2012-01-08T23:11:36.890
1.2685,2012-01-08T23:11:37.597
1.26848,2012-01-08T23:11:37.937
1.26846,2012-01-08T23:11:38.627
1.26848,2012-01-08T23:11:44.813
1.2685,2012-01-08T23:11:46.533
1.26848,2012-01-08T23:11:47.203
1.26846,2012-01-08T23:11:48.237
1.26845,2012-01-08T23:11:48.937
1.26844,2012-01-08T23:11:49.970
1.26843,2012-01-08T23:11:57.533
1.26833,2012-01-08T23:12:18.157
1.26839,2012-01-08T23:12:18.517
1.2684,2012-01-08T23:12:19.173
1.26839,2012-01-08T23:12:19.877
1.2684,2012-01-08T23:12:20.203
1.26838,2012-01-08T23:12:21.597
1.26837,2012-01-08T23:12:21.923
1.26833,2012-01-08T23:12:25.360
1.26836,2012-01-08T23:12:27.767
1.26837,2012-01-08T23:12:30.860
1.26836,2012-01-08T23:12:31.220
1.26837,2012-01-08T23:12:33.610
1.26838,2012-01-08T23:12:34.640
1.26837,2012-01-08T23:12:36.377
1.2684,2012-01-08T23:12:38.437
1.26839,2012-01-08T23:12:40.157
1.26836,2012-01-08T23:12:40.500
1.26838,2012-01-08T23:12:43.923
1.26837,2012-01-08T23:12:46.347
1.2684,2012-01-08T23:12:52.173
1.26841,2012-01-08T23:13:01.110
1.26844,2012-01-08T23:13:01.453
1.26843,2012-01-08T23:13:01.797
1.2684,2012-01-08T23:13:02.847
1.26836,2012-01-08T23:13:03.187
1.26837,2012-01-08T23:13:03.517
1.26838,2012-01-08T23:13:04.220
1.26837,2012-01-08T23:13:04.547
1.26836,2012-01-08T23:13:09.360
1.2684,2012-01-08T23:13:12.453
1.26838,2012-01-08T23:13:12.797
1.26833,2012-01-08T23:13:14.187
1.26834,2012-01-08T23:13:16.250
1.26823,2012-01-08T23:13:18.330
1.26824,2012-01-08T23:13:18.657
1.26823,2012-01-08T23:13:18.987
1.26821,2012-01-08T23:13:19.687
1.26823,2012-01-08T23:13:21.390
1.26826,2012-01-08T23:13:22.437
1.26828,2012-01-08T23:13:23.813
1.26829,2012-01-08T23:13:25.173
1.26827,2012-01-08T23:13:25.877
1.26833,2012-01-08T23:13:26.203
1.26831,2012-01-08T23:13:26.890
1.26829,2012-01-08T23:13:27.250
1.26831,2012-01-08T23:13:27.610
1.26829,2012-01-08T23:13:28.283
1.2683,2012-01-08T23:13:28.970
1.26831,2012-01-08T23:13:31.720
1.26825,2012-01-08T23:13:32.407
1.26821,2012-01-08T23:13:32.750
1.26825,2012-01-08T23:13:34.127
1.26824,2012-01-08T23:13:37.203
1.26823,2012-01-08T23:13:39.627
1.26824,2012-01-08T23:13:40.297
1.26824,2012-01-08T23:13:45.797
1.26822,2012-01-08T23:13:46.140
1.26824,2012-01-08T23:13:46.487
1.26827,2012-01-08T23:13:51.657
1.26825,2012-01-08T23:13:53.377
1.26823,2012-01-08T23:13:56.110
1.26824,2012-01-08T23:13:56.813
1.26829,2012-01-08T23:14:05.390
1.26827,2012-01-08T23:14:05.737
1.2683,2012-01-08T23:14:23.627
1.26835,2012-01-08T23:14:23.970
1.26837,2012-01-08T23:14:28.423
1.26834,2012-01-08T23:14:29.487
1.26837,2012-01-08T23:14:29.797
1.26832,2012-01-08T23:14:30.487
1.26827,2012-01-08T23:14:30.847
1.26829,2012-01-08T23:14:31.187
1.26827,2012-01-08T23:14:32.890
1.26828,2012-01-08T23:14:35.297
1.26827,2012-01-08T23:14:38.390
1.2683,2012-01-08T23:14:43.547
1.26828,2012-01-08T23:14:43.907
1.26834,2012-01-08T23:14:50.797
1.26823,2012-01-08T23:15:23.437
1.26824,2012-01-08T23:15:24.470
1.26821,2012-01-08T23:15:24.797
1.26823,2012-01-08T23:15:25.500
1.26817,2012-01-08T23:15:28.237
1.26815,2012-01-08T23:15:29.267
1.26808,2012-01-08T23:15:31.657
1.26806,2012-01-08T23:15:31.797
1.26807,2012-01-08T23:15:32.377
1.26806,2012-01-08T23:15:32.703
1.26811,2012-01-08T23:15:33.407
1.26813,2012-01-08T23:15:33.737
1.26814,2012-01-08T23:15:34.767
1.26813,2012-01-08T23:15:35.453
1.26814,2012-01-08T23:15:37.860
1.26813,2012-01-08T23:15:42.347
1.26811,2012-01-08T23:15:43.390
1.26811,2012-01-08T23:15:49.563
1.26809,2012-01-08T23:15:52.640
1.26812,2012-01-08T23:15:55.390
1.26809,2012-01-08T23:15:57.127
1.26807,2012-01-08T23:15:58.487
1.26808,2012-01-08T23:15:58.830
1.26806,2012-01-08T23:16:02.970
1.26799,2012-01-08T23:16:03.297
1.26804,2012-01-08T23:16:03.987
1.26805,2012-01-08T23:16:04.347
1.26806,2012-01-08T23:16:04.673
1.268,2012-01-08T23:16:05.360
1.26802,2012-01-08T23:16:06.407
1.26799,2012-01-08T23:16:06.657
1.26801,2012-01-08T23:16:07.423
1.26799,2012-01-08T23:16:08.453
1.26793,2012-01-08T23:16:12.610
1.26797,2012-01-08T23:16:12.923
1.26799,2012-01-08T23:16:13.267
1.26797,2012-01-08T23:16:13.627
1.26798,2012-01-08T23:16:14.987
1.26799,2012-01-08T23:16:15.347
1.26801,2012-01-08T23:16:20.487
1.26802,2012-01-08T23:16:22.547
1.268,2012-01-08T23:16:22.890
1.26798,2012-01-08T23:16:23.597
1.26799,2012-01-08T23:16:23.923
1.26793,2012-01-08T23:16:24.283
1.26796,2012-01-08T23:16:24.953
1.26797,2012-01-08T23:16:30.127
1.26799,2012-01-08T23:16:30.813
1.26805,2012-01-08T23:16:31.157
1.26803,2012-01-08T23:16:31.487
1.26801,2012-01-08T23:16:31.847
1.26802,2012-01-08T23:16:32.187
1.268,2012-01-08T23:16:32.517
1.26801,2012-01-08T23:16:34.250
1.26803,2012-01-08T23:16:34.597
1.26801,2012-01-08T23:16:35.283
1.26802,2012-01-08T23:16:37.673
1.268,2012-01-08T23:16:38.377
1.26801,2012-01-08T23:16:40.423
1.268,2012-01-08T23:16:40.767
1.26801,2012-01-08T23:16:41.110
1.26799,2012-01-08T23:16:42.157
1.26798,2012-01-08T23:16:43.173
1.26797,2012-01-08T23:16:43.517
1.26798,2012-01-08T23:16:43.877
1.26799,2012-01-08T23:16:45.580
1.268,2012-01-08T23:16:46.267
1.26795,2012-01-08T23:16:47.640
1.26796,2012-01-08T23:16:48.673
1.26797,2012-01-08T23:16:49.703
1.26795,2012-01-08T23:16:53.157
1.26796,2012-01-08T23:16:53.500
1.26797,2012-01-08T23:16:53.830
1.26796,2012-01-08T23:17:02.783
1.26795,2012-01-08T23:17:03.110
1.26793,2012-01-08T23:17:07.267
1.26794,2012-01-08T23:17:12.390
1.26793,2012-01-08T23:17:16.517
1.2679,2012-01-08T23:17:18.250
1.26781,2012-01-08T23:17:18.610
1.26785,2012-01-08T23:17:18.953
1.2678,2012-01-08T23:17:19.267
1.26779,2012-01-08T23:17:20.313
1.26777,2012-01-08T23:17:20.657
1.2678,2012-01-08T23:17:21.347
1.26779,2012-01-08T23:17:21.673
1.26779,2012-01-08T23:17:22.360
1.26778,2012-01-08T23:17:22.703
1.26776,2012-01-08T23:17:25.127
1.26777,2012-01-08T23:17:25.797
1.26776,2012-01-08T23:17:26.157
1.26778,2012-01-08T23:17:26.860
1.26774,2012-01-08T23:17:27.187
1.26777,2012-01-08T23:17:27.860
1.26773,2012-01-08T23:17:28.220
1.26775,2012-01-08T23:17:30.953
1.26774,2012-01-08T23:17:34.737
1.26772,2012-01-08T23:17:36.813
1.26771,2012-01-08T23:17:37.157
1.26772,2012-01-08T23:17:38.187
1.26771,2012-01-08T23:17:48.140
1.26769,2012-01-08T23:17:49.517
1.26772,2012-01-08T23:17:49.860
1.26771,2012-01-08T23:17:52.970
1.2677,2012-01-08T23:17:54.673
1.26771,2012-01-08T23:17:56.737
1.26767,2012-01-08T23:17:57.423
1.26768,2012-01-08T23:17:57.783
1.26773,2012-01-08T23:17:59.847
1.26772,2012-01-08T23:18:00.187
1.26767,2012-01-08T23:18:00.563
1.26764,2012-01-08T23:18:02.250
1.26765,2012-01-08T23:18:02.597
1.26763,2012-01-08T23:18:03.267
1.26762,2012-01-08T23:18:03.627
1.26761,2012-01-08T23:18:03.953
1.26762,2012-01-08T23:18:04.313
1.2676,2012-01-08T23:18:04.640
1.26759,2012-01-08T23:18:05.330
1.26757,2012-01-08T23:18:05.673
1.26749,2012-01-08T23:18:06.377
1.26749,2012-01-08T23:18:07.390
1.26753,2012-01-08T23:18:08.783
1.26745,2012-01-08T23:18:09.127
1.26748,2012-01-08T23:18:09.470
1.26747,2012-01-08T23:18:10.830
1.26751,2012-01-08T23:18:13.937
1.26752,2012-01-08T23:18:14.297
1.26751,2012-01-08T23:18:14.627
1.26752,2012-01-08T23:18:14.987
1.26751,2012-01-08T23:18:15.313
1.26753,2012-01-08T23:18:16.673
1.26746,2012-01-08T23:18:17.703
1.26748,2012-01-08T23:18:20.797
1.26749,2012-01-08T23:18:21.157
1.2675,2012-01-08T23:18:22.173
1.26749,2012-01-08T23:18:23.220
1.26751,2012-01-08T23:18:23.907
1.2675,2012-01-08T23:18:24.597
1.26751,2012-01-08T23:18:24.923
1.2675,2012-01-08T23:18:25.627
1.26751,2012-01-08T23:18:27.330
1.26752,2012-01-08T23:18:27.687
1.26754,2012-01-08T23:18:29.737
1.26752,2012-01-08T23:18:30.423
1.26751,2012-01-08T23:18:33.187
1.26753,2012-01-08T23:18:33.860
1.26754,2012-01-08T23:18:34.907
1.26752,2012-01-08T23:18:35.237
1.26754,2012-01-08T23:18:35.597
1.26752,2012-01-08T23:18:35.937
1.2676,2012-01-08T23:18:36.970
1.26752,2012-01-08T23:18:37.657
1.26753,2012-01-08T23:18:39.703
1.26753,2012-01-08T23:18:40.750
1.26753,2012-01-08T23:18:42.127
1.26751,2012-01-08T23:18:43.500
1.2675,2012-01-08T23:18:45.220
1.26747,2012-01-08T23:18:45.597
1.26746,2012-01-08T23:18:45.890
1.26745,2012-01-08T23:18:46.250
1.26749,2012-01-08T23:18:47.657
1.26746,2012-01-08T23:18:47.953
1.26745,2012-01-08T23:18:48.640
1.26746,2012-01-08T23:18:48.987
1.26745,2012-01-08T23:18:49.673
1.26745,2012-01-08T23:18:50.377
1.26746,2012-01-08T23:18:50.703
1.26745,2012-01-08T23:18:51.407
1.26746,2012-01-08T23:18:52.767
1.26745,2012-01-08T23:18:53.453
1.26746,2012-01-08T23:18:54.487
1.26745,2012-01-08T23:18:54.847
1.26746,2012-01-08T23:18:55.877
1.26745,2012-01-08T23:18:56.547
1.26746,2012-01-08T23:18:56.907
1.2675,2012-01-08T23:18:58.283
1.26746,2012-01-08T23:18:58.627
1.26745,2012-01-08T23:18:58.970
1.26746,2012-01-08T23:19:01.703
1.26745,2012-01-08T23:19:03.423
1.26747,2012-01-08T23:19:03.813
1.26746,2012-01-08T23:19:04.453
1.26747,2012-01-08T23:19:05.140
1.26746,2012-01-08T23:19:05.487
1.26747,2012-01-08T23:19:05.847
1.26745,2012-01-08T23:19:11.673
1.26745,2012-01-08T23:19:12.377
1.26745,2012-01-08T23:19:13.407
1.26746,2012-01-08T23:19:16.157
1.26747,2012-01-08T23:19:17.533
1.26745,2012-01-08T23:19:17.877
1.26746,2012-01-08T23:19:18.220
1.26745,2012-01-08T23:19:18.547
1.26746,2012-01-08T23:19:18.890
1.26745,2012-01-08T23:19:22.347
1.26746,2012-01-08T23:19:23.377
1.26745,2012-01-08T23:19:23.703
1.26746,2012-01-08T23:19:24.737
